PR,merge_sha,merge_date,run_sha,run_date,latency
11191,402c8a6279,2019-04-25T12:24:35+00:00,402c8a6279,2019-04-25T13:39:09.177305Z,74.56962175
13271,52fa7a180d,2019-04-11T08:01:19+00:00,52fa7a180d,2019-04-11T09:20:38.832463Z,79.33054105
13365,4cc42c364b,2019-03-23T08:59:01+00:00,4cc42c364b,2019-03-23T10:15:16.530371Z,76.25883951666667
13474,3d27143b5c,2019-04-03T16:14:03+00:00,3d27143b5c,2019-04-03T17:28:49.055885Z,74.76759808333333
13518,dbc26ae485,2019-04-17T15:15:05+00:00,dbc26ae485,2019-04-17T16:35:30.690849Z,80.42818081666665
14095,63f4985fa3,2019-03-22T14:50:26+00:00,48070156dd,2019-03-22T20:45:13.908326Z,354.7984721
14669,8f7459b825,2019-05-02T02:08:50+00:00,8f7459b825,2019-05-02T03:25:38.841459Z,76.81402431666667
14670,31c3b60a43,2019-04-17T04:27:14+00:00,31c3b60a43,2019-04-17T05:40:04.206926Z,72.8367821
14671,a8e8c032ed,2019-04-17T04:06:45+00:00,a8e8c032ed,2019-04-17T05:23:14.900373Z,76.49833955000001
14673,541c2937f3,2019-04-22T03:24:44+00:00,7a7e16ad8d,2019-04-23T22:11:37.676684Z,2566.8946114
15111,9fb1329803,2019-04-11T14:20:45+00:00,9fb1329803,2019-04-11T15:37:22.4503Z,76.62417166666667
15211,a3481f1e98,2019-03-22T15:45:31+00:00,48070156dd,2019-03-22T20:45:13.908326Z,299.71513876666666
15333,32450b4dd6,2019-03-27T09:20:41+00:00,32450b4dd6,2019-03-27T10:38:42.497333Z,78.02495555
15338,51f1f692f8,2019-04-30T02:19:40+00:00,51f1f692f8,2019-04-30T03:39:45.878294Z,80.09797156666667
15366,16b220ec69,2019-05-02T07:57:05+00:00,16b220ec69,2019-05-02T09:17:01.031588Z,79.9338598
15380,cf54e24303,2019-03-29T11:24:37+00:00,3ad4a3b1df,2019-03-29T12:48:22.058294Z,83.75097156666668
15433,f415b8111a,2019-03-21T20:23:57+00:00,48070156dd,2019-03-22T20:45:13.908326Z,1461.2818054333334
15493,681d9f6ee1,2019-03-21T21:51:51+00:00,48070156dd,2019-03-22T20:45:13.908326Z,1373.3818054333335
15512,09f993e6b8,2019-03-21T20:21:24+00:00,48070156dd,2019-03-22T20:45:13.908326Z,1463.8318054333333
15515,4af2964244,2019-04-01T09:39:47+00:00,90cf9684e1,2019-04-01T10:54:34.038433Z,74.78397388333333
15623,f8602d0688,2019-03-20T21:25:52+00:00,48070156dd,2019-03-22T20:45:13.908326Z,2839.365138766667
15626,f0aa35ac33,2019-03-22T21:20:19+00:00,f0aa35ac33,2019-03-22T22:37:16.192903Z,76.95321505
15628,1a416a4ff9,2019-03-21T10:33:01+00:00,48070156dd,2019-03-22T20:45:13.908326Z,2052.2151387666668
15630,7287608f90,2019-03-22T17:30:07+00:00,48070156dd,2019-03-22T20:45:13.908326Z,195.1151387666667
15633,c6b4c117ce,2019-03-28T17:47:23+00:00,c6b4c117ce,2019-03-28T19:05:31.923958Z,78.14873263333334
15645,6100509286,2019-04-02T15:26:54+00:00,24dd35d242,2019-04-02T18:19:41.329754Z,172.78882923333333
15679,ef52ea1e88,2019-03-18T21:35:27+00:00,ef52ea1e88,2019-03-18T22:56:25.163376Z,80.96938960000001
15682,c8ee3ed601,2019-03-20T16:02:10+00:00,81bfcdbf4e,2019-03-20T17:17:45.031422Z,75.58385703333333
15691,b7ffa083a7,2019-03-18T15:43:04+00:00,b7ffa083a7,2019-03-18T17:00:38.567816Z,77.57613026666667
15705,e9cad1bbda,2019-03-25T02:15:06+00:00,e9cad1bbda,2019-03-25T03:42:58.600646Z,87.87667743333333
15711,4564fbe5b4,2019-03-19T19:51:23+00:00,4564fbe5b4,2019-03-19T21:09:26.844365Z,78.06407275
15724,cc99802262,2019-03-21T11:05:08+00:00,48070156dd,2019-03-22T20:45:13.908326Z,2020.0984721
15732,3531dc2a99,2019-03-15T23:00:32+00:00,3531dc2a99,2019-03-16T00:21:52.341737Z,81.33902895
15743,d0396cc595,2019-03-27T17:06:46+00:00,d0396cc595,2019-03-27T18:19:42.862008Z,72.94770013333333
15761,7183ea1200,2019-03-18T02:35:16+00:00,7183ea1200,2019-03-18T03:57:52.210964Z,82.60351606666667
15767,18f4c6b79d,2019-03-22T20:44:50+00:00,18f4c6b79d,2019-03-22T22:02:42.588525Z,77.87647541666666
15769,52bd6d9692,2019-03-28T22:12:34+00:00,52bd6d9692,2019-03-28T23:38:32.1541Z,85.969235
15777,8f790b89a8,2019-03-20T21:26:01+00:00,48070156dd,2019-03-22T20:45:13.908326Z,2839.2151387666668
15778,e45bda7edd,2019-03-19T16:24:23+00:00,e45bda7edd,2019-03-19T17:34:36.737297Z,70.22895494999999
15781,f67bd5cfa4,2019-03-26T09:26:46+00:00,f67bd5cfa4,2019-03-26T10:50:41.509468Z,83.92515780000001
15784,c9829b514d,2019-03-16T04:34:49+00:00,c9829b514d,2019-03-16T05:52:54.594295Z,78.09323825
15786,8ba5c262ad,2019-03-22T13:23:49+00:00,48070156dd,2019-03-22T20:45:13.908326Z,441.4151387666667
15789,81bfcdbf4e,2019-03-20T16:06:49+00:00,81bfcdbf4e,2019-03-20T17:17:45.031422Z,70.93385703333334
15791,86f34ae467,2019-03-22T18:34:31+00:00,48070156dd,2019-03-22T20:45:13.908326Z,130.71513876666666
15792,52d8660d0f,2019-03-29T15:02:10+00:00,52d8660d0f,2019-03-29T16:17:54.748776Z,75.74581293333334
15794,c748846db4,2019-03-18T16:11:08+00:00,c748846db4,2019-03-18T17:23:33.204908Z,72.42008179999999
15798,789f5f1753,2019-04-22T13:53:19+00:00,7a7e16ad8d,2019-04-23T22:11:37.676684Z,1938.3112780666668
15799,48ff19e170,2019-03-15T20:19:14+00:00,48ff19e170,2019-03-15T22:17:08.899195Z,117.91498658333333
15806,696d3a7aeb,2019-03-27T12:57:46+00:00,696d3a7aeb,2019-03-27T14:13:35.368877Z,75.82281461666666
15814,d3cf77a7b8,2019-04-25T21:46:22+00:00,fd085a7133,2019-04-26T22:19:53.957314Z,1473.5326219
15817,a22a149b9e,2019-03-15T22:25:27+00:00,a22a149b9e,2019-03-15T23:40:11.659415Z,74.74432358333334
15820,e4a3e278c1,2019-03-19T03:20:17+00:00,e4a3e278c1,2019-03-19T04:37:47.132973Z,77.50221621666667
15821,b31a44e077,2019-03-22T13:42:26+00:00,48070156dd,2019-03-22T20:45:13.908326Z,422.7984721
15826,fe3d5d9657,2019-04-03T14:43:32+00:00,fe3d5d9657,2019-04-03T16:12:24.834277Z,88.88057128333334
15829,6e129aedfa,2019-03-20T21:26:25+00:00,48070156dd,2019-03-22T20:45:13.908326Z,2838.8151387666667
15843,151b78244c,2019-03-15T21:32:43+00:00,151b78244c,2019-03-15T22:54:24.750117Z,81.69583528333332
15848,4688078c2c,2019-04-05T19:20:22+00:00,4688078c2c,2019-04-05T20:36:06.729687Z,75.74549478333333
15850,7d7b6f3c50,2019-03-28T09:56:13+00:00,7d7b6f3c50,2019-03-28T11:13:22.178021Z,77.15296701666666
15852,cecb3eba4d,2019-03-18T15:30:28+00:00,cecb3eba4d,2019-03-18T16:52:10.354047Z,81.70590078333333
15855,78a0ccb785,2019-03-16T15:29:23+00:00,78a0ccb785,2019-03-16T16:40:15.740632Z,70.87901053333333
15856,188f55058e,2019-03-29T09:50:30+00:00,188f55058e,2019-03-29T11:07:56.025408Z,77.43375680000001
15863,ced5ebaab3,2019-04-12T08:24:09+00:00,ced5ebaab3,2019-04-12T09:39:52.244228Z,75.72073713333333
15864,d779352beb,2019-03-29T09:41:12+00:00,d779352beb,2019-03-29T10:57:25.712257Z,76.22853761666667
15872,7345bf3e34,2019-03-15T20:39:07+00:00,7345bf3e34,2019-03-15T22:30:44.240717Z,111.62067861666667
15873,e8b9fd1d25,2019-03-18T14:40:19+00:00,e8b9fd1d25,2019-03-18T15:59:37.545981Z,79.30909968333334
15874,5cce79aacd,2019-03-15T21:27:41+00:00,5cce79aacd,2019-03-15T22:43:38.538135Z,75.95896891666666
15875,81ccef95fc,2019-03-15T21:28:51+00:00,81ccef95fc,2019-03-15T22:46:20.403763Z,77.49006271666667
15876,5519cadb33,2019-03-15T23:18:25+00:00,5519cadb33,2019-03-16T00:36:36.240771Z,78.18734618333333
15877,f329c78224,2019-03-15T21:57:13+00:00,f329c78224,2019-03-15T23:10:33.003095Z,73.33338491666667
15878,a8a0154096,2019-03-15T23:04:47+00:00,a8a0154096,2019-03-16T00:28:17.120189Z,83.50200315000001
15879,4af40e5efd,2019-03-19T21:11:58+00:00,4af40e5efd,2019-03-19T22:23:42.649857Z,71.74416428333333
15881,3ab66acde6,2019-03-16T15:08:51+00:00,3ab66acde6,2019-03-16T16:24:13.895172Z,75.38158619999999
15882,c86bc28c2a,2019-03-16T11:17:47+00:00,7465f91b94,2019-03-16T14:14:41.631888Z,176.91053146666667
15883,94c35acd15,2019-03-16T11:15:55+00:00,94c35acd15,2019-03-16T12:33:37.882753Z,77.71471255
15885,51268474ce,2019-03-27T09:33:23+00:00,84a6893e80,2019-03-27T10:49:33.016166Z,76.1669361
15887,7465f91b94,2019-03-16T12:59:29+00:00,7465f91b94,2019-03-16T14:14:41.631888Z,75.21053146666667
15889,3ff0334a44,2019-03-17T08:03:25+00:00,3ff0334a44,2019-03-17T09:19:26.489877Z,76.02483128333333
15890,cf535b2356,2019-03-18T09:00:49+00:00,cf535b2356,2019-03-18T10:14:40.555262Z,73.85925436666666
15891,25dbafd338,2019-03-18T13:57:12+00:00,25dbafd338,2019-03-18T15:14:56.601067Z,77.74335111666666
15892,addd8809d4,2019-03-17T19:31:08+00:00,addd8809d4,2019-03-17T20:44:46.913964Z,73.64856606666667
15893,82e94b3551,2019-03-17T09:24:55+00:00,82e94b3551,2019-03-17T10:35:42.138134Z,70.78563556666667
15894,8142b088cc,2019-03-17T19:29:51+00:00,addd8809d4,2019-03-17T20:44:46.913964Z,74.9318994
15895,9002a095d0,2019-03-17T09:23:27+00:00,82e94b3551,2019-03-17T10:35:42.138134Z,72.25230223333332
15896,c2e5b9fbaa,2019-03-17T19:38:09+00:00,c2e5b9fbaa,2019-03-17T20:53:09.025709Z,75.00042848333332
15897,a9b3aa96c8,2019-03-18T05:03:53+00:00,a9b3aa96c8,2019-03-18T06:16:13.594669Z,72.34324448333334
15898,c8b79a0923,2019-03-18T10:06:00+00:00,c8b79a0923,2019-03-18T11:20:06.45689Z,74.10761483333334
15899,ce5e5c234f,2019-03-18T10:06:40+00:00,51fa5f716a,2019-03-18T11:24:56.929659Z,78.28216098333334
15900,4da3ed2c6c,2019-03-18T10:08:28+00:00,4da3ed2c6c,2019-03-18T11:28:10.844141Z,79.71406901666666
15901,84a6893e80,2019-03-27T09:35:45+00:00,84a6893e80,2019-03-27T10:49:33.016166Z,73.80026943333334
15902,51fa5f716a,2019-03-18T10:07:23+00:00,51fa5f716a,2019-03-18T11:24:56.929659Z,77.56549431666667
15903,c7ec350b75,2019-03-18T16:28:36+00:00,c7ec350b75,2019-03-18T17:42:49.915424Z,74.23192373333333
15904,c5bd0d1a46,2019-03-29T13:20:39+00:00,c5bd0d1a46,2019-03-29T14:35:20.128409Z,74.68547348333333
15905,0eddcd8d1f,2019-03-23T06:24:55+00:00,0eddcd8d1f,2019-03-23T07:41:48.767373Z,76.89612288333333
15907,dce324afa8,2019-03-18T16:06:23+00:00,dce324afa8,2019-03-18T17:22:39.961997Z,76.28269995000001
15908,2bff51519c,2019-03-18T22:05:19+00:00,2bff51519c,2019-03-18T23:19:17.675011Z,73.97791685
15909,8f5d4a75c2,2019-03-19T20:59:35+00:00,8f5d4a75c2,2019-03-19T22:08:20.378544Z,68.75630906666667
15911,f3832e993d,2019-03-19T13:43:50+00:00,f3832e993d,2019-03-19T15:06:19.52943Z,82.49215716666666
15913,010102991e,2019-03-20T21:48:57+00:00,48070156dd,2019-03-22T20:45:13.908326Z,2816.2818054333334
15917,efab39c922,2019-03-19T15:23:13+00:00,efab39c922,2019-03-19T16:42:28.104185Z,79.25173641666667
15918,01e30febfa,2019-03-20T00:17:18+00:00,01e30febfa,2019-03-20T01:29:45.403062Z,72.4567177
15919,3833cc35db,2019-03-20T21:26:16+00:00,48070156dd,2019-03-22T20:45:13.908326Z,2838.9651387666668
15921,31e7fd0f55,2019-03-19T23:28:56+00:00,31e7fd0f55,2019-03-20T00:47:03.287765Z,78.12146275
15922,8de8e43460,2019-03-19T10:41:15+00:00,8de8e43460,2019-03-19T11:56:31.813065Z,75.28021775
15923,27a8a9081b,2019-03-19T10:22:19+00:00,27a8a9081b,2019-03-19T11:41:36.832702Z,79.29721169999999
15925,7e1dc7e07e,2019-03-26T15:24:19+00:00,7e1dc7e07e,2019-03-26T16:41:18.542483Z,76.99237471666667
15926,8addb0181f,2019-03-21T07:32:40+00:00,48070156dd,2019-03-22T20:45:13.908326Z,2232.5651387666667
15927,66f8526102,2019-03-19T10:41:57+00:00,66f8526102,2019-03-19T12:00:35.659723Z,78.64432871666666
15928,72a81eec63,2019-03-21T07:54:02+00:00,48070156dd,2019-03-22T20:45:13.908326Z,2211.1984721
15929,110462e07b,2019-03-19T15:59:40+00:00,110462e07b,2019-03-19T17:17:56.497108Z,78.2749518
15930,b39928c032,2019-03-20T13:37:54+00:00,b39928c032,2019-03-20T14:54:47.478046Z,76.89130076666667
15932,507446013f,2019-03-19T18:57:44+00:00,507446013f,2019-03-19T20:17:52.825818Z,80.14709696666667
15933,0f970184e9,2019-03-19T20:43:35+00:00,0f970184e9,2019-03-19T21:55:46.972694Z,72.1995449
15934,3031aac3da,2019-03-19T21:01:41+00:00,3031aac3da,2019-03-19T22:14:49.728674Z,73.1454779
15936,5570bb27d5,2019-03-27T22:36:06+00:00,5570bb27d5,2019-03-27T23:51:32.657304Z,75.4442884
15938,2ff1cef76a,2019-03-20T21:26:11+00:00,48070156dd,2019-03-22T20:45:13.908326Z,2839.0484721000003
15939,236643e95f,2019-03-20T18:28:35+00:00,236643e95f,2019-03-20T21:04:28.418061Z,155.89030101666668
15941,c331748cd2,2019-03-20T09:22:01+00:00,c331748cd2,2019-03-20T10:36:17.713933Z,74.27856555
15942,131f9c7952,2019-03-20T09:21:25+00:00,c331748cd2,2019-03-20T10:36:17.713933Z,74.87856555
15944,a8d97c0c7c,2019-03-20T11:31:18+00:00,a8d97c0c7c,2019-03-20T12:47:45.624781Z,76.46041301666668
15945,3def945c27,2019-03-20T13:49:26+00:00,3def945c27,2019-03-20T15:05:32.400125Z,76.10666875
15946,6a2b8ebad7,2019-03-20T21:16:32+00:00,48070156dd,2019-03-22T20:45:13.908326Z,2848.6984721
15947,5d74e7772f,2019-03-25T10:44:16+00:00,5d74e7772f,2019-03-25T11:59:35.203938Z,75.32006563333333
15948,3803c6e929,2019-03-20T14:16:22+00:00,3803c6e929,2019-03-20T15:27:50.322111Z,71.47203518333335
15949,91d58859ef,2019-03-20T14:43:10+00:00,91d58859ef,2019-03-20T16:00:08.087592Z,76.96812653333333
15950,44bb330dbf,2019-03-22T19:06:27+00:00,48070156dd,2019-03-22T20:45:13.908326Z,98.78180543333333
15951,8c9166dcdc,2019-03-20T21:49:03+00:00,48070156dd,2019-03-22T20:45:13.908326Z,2816.1818054333335
15952,46712a196f,2019-03-25T12:21:08+00:00,46712a196f,2019-03-25T13:38:25.442277Z,77.29070461666667
15953,c5e109b1ad,2019-03-21T02:06:56+00:00,48070156dd,2019-03-22T20:45:13.908326Z,2558.2984721000003
15954,5a1fcd36c8,2019-03-21T17:39:44+00:00,48070156dd,2019-03-22T20:45:13.908326Z,1625.4984721
15956,8910911cf3,2019-03-20T22:01:30+00:00,48070156dd,2019-03-22T20:45:13.908326Z,2803.731805433333
15957,391b2cae80,2019-03-20T21:49:09+00:00,48070156dd,2019-03-22T20:45:13.908326Z,2816.0818054333336
15958,733791e7ce,2019-03-21T00:53:27+00:00,48070156dd,2019-03-22T20:45:13.908326Z,2631.7818054333334
15959,46a827e080,2019-03-20T22:14:56+00:00,48070156dd,2019-03-22T20:45:13.908326Z,2790.2984721000003
15960,6387c6dd6e,2019-03-22T16:14:20+00:00,48070156dd,2019-03-22T20:45:13.908326Z,270.8984721
15961,5a8082c217,2019-03-23T07:59:49+00:00,5a8082c217,2019-03-23T09:14:27.458013Z,74.64096688333333
15965,bf545405bf,2019-03-21T00:02:30+00:00,48070156dd,2019-03-22T20:45:13.908326Z,2682.731805433333
15966,6e0def4ccc,2019-03-21T01:11:06+00:00,48070156dd,2019-03-22T20:45:13.908326Z,2614.1318054333333
15968,ed6ced5646,2019-03-21T01:56:45+00:00,48070156dd,2019-03-22T20:45:13.908326Z,2568.481805433333
15971,b1dc7b4e08,2019-03-21T06:48:17+00:00,48070156dd,2019-03-22T20:45:13.908326Z,2276.9484721
15972,6a578b04d4,2019-03-21T06:48:35+00:00,48070156dd,2019-03-22T20:45:13.908326Z,2276.6484721
15973,48945867c8,2019-03-21T13:24:30+00:00,48070156dd,2019-03-22T20:45:13.908326Z,1880.7318054333334
15974,02ecd22efc,2019-03-21T10:59:15+00:00,48070156dd,2019-03-22T20:45:13.908326Z,2025.9818054333334
15976,ab2358de87,2019-03-21T16:34:00+00:00,48070156dd,2019-03-22T20:45:13.908326Z,1691.2318054333334
15977,ea3c27f90d,2019-03-22T13:09:30+00:00,48070156dd,2019-03-22T20:45:13.908326Z,455.73180543333336
15978,f23b94cded,2019-03-22T15:07:37+00:00,48070156dd,2019-03-22T20:45:13.908326Z,337.6151387666667
15979,b7a8b84deb,2019-03-22T01:29:56+00:00,48070156dd,2019-03-22T20:45:13.908326Z,1155.2984721
15980,6ed3fe181b,2019-03-21T15:26:14+00:00,48070156dd,2019-03-22T20:45:13.908326Z,1758.9984721
15981,3432b6ac82,2019-03-21T19:08:55+00:00,48070156dd,2019-03-22T20:45:13.908326Z,1536.3151387666667
15982,02e6152209,2019-03-22T12:39:22+00:00,48070156dd,2019-03-22T20:45:13.908326Z,485.8651387666667
15983,dbe68b6c05,2019-03-21T23:04:13+00:00,48070156dd,2019-03-22T20:45:13.908326Z,1301.0151387666667
15984,4412907b45,2019-04-15T21:19:31+00:00,4412907b45,2019-04-15T22:38:38.451277Z,79.12418795
15985,bde09a4211,2019-03-21T19:06:49+00:00,48070156dd,2019-03-22T20:45:13.908326Z,1538.4151387666668
15986,18a8573eaf,2019-03-21T19:17:23+00:00,48070156dd,2019-03-22T20:45:13.908326Z,1527.8484721
15987,0e9384b230,2019-03-23T02:30:50+00:00,0e9384b230,2019-03-23T03:48:40.389145Z,77.83981908333334
15988,a9d2489621,2019-03-21T21:01:37+00:00,48070156dd,2019-03-22T20:45:13.908326Z,1423.6151387666666
15989,023f87586a,2019-03-21T23:44:10+00:00,48070156dd,2019-03-22T20:45:13.908326Z,1261.0651387666667
15991,27ad6759d4,2019-03-22T18:50:19+00:00,48070156dd,2019-03-22T20:45:13.908326Z,114.91513876666666
15992,9925422bd5,2019-03-26T10:28:01+00:00,9925422bd5,2019-03-26T11:46:17.913331Z,78.28188885
15993,1c1891f281,2019-04-02T22:10:13+00:00,1c1891f281,2019-04-02T23:27:27.310759Z,77.23851265
15995,f37fcaaefa,2019-03-22T14:05:50+00:00,48070156dd,2019-03-22T20:45:13.908326Z,399.3984721
15996,2309f22f59,2019-03-22T12:23:53+00:00,48070156dd,2019-03-22T20:45:13.908326Z,501.34847210000004
15997,b130e70cbc,2019-03-22T08:45:18+00:00,48070156dd,2019-03-22T20:45:13.908326Z,719.9318054333332
15998,41cb5b6a73,2019-03-23T17:07:11+00:00,41cb5b6a73,2019-03-23T18:25:50.532453Z,78.65887421666666
15999,c65630a55f,2019-03-22T02:40:26+00:00,48070156dd,2019-03-22T20:45:13.908326Z,1084.7984721
16001,e01cfd2824,2019-03-25T16:03:55+00:00,e01cfd2824,2019-03-25T17:27:09.365645Z,83.23942741666666
16003,ada93cd978,2019-03-22T02:42:03+00:00,48070156dd,2019-03-22T20:45:13.908326Z,1083.1818054333332
16010,d44b626b7b,2019-03-25T15:50:07+00:00,d44b626b7b,2019-03-25T17:00:02.508398Z,69.92513996666666
16013,031a1530bf,2019-03-22T08:14:22+00:00,48070156dd,2019-03-22T20:45:13.908326Z,750.8651387666666
16014,daff57e4c5,2019-03-22T08:15:39+00:00,48070156dd,2019-03-22T20:45:13.908326Z,749.5818054333333
16015,6cf4fa3292,2019-03-22T09:44:44+00:00,48070156dd,2019-03-22T20:45:13.908326Z,660.4984721
16016,4f3229dc2f,2019-03-25T13:41:56+00:00,4f3229dc2f,2019-03-25T15:04:58.997982Z,83.04996636666667
16017,7f6404adf1,2019-03-22T11:57:33+00:00,48070156dd,2019-03-22T20:45:13.908326Z,527.6818054333334
16020,80eca32f37,2019-03-22T17:18:52+00:00,48070156dd,2019-03-22T20:45:13.908326Z,206.3651387666667
16021,a007c4be0a,2019-03-22T15:08:33+00:00,48070156dd,2019-03-22T20:45:13.908326Z,336.68180543333335
16022,288222ed4a,2019-03-22T14:14:48+00:00,48070156dd,2019-03-22T20:45:13.908326Z,390.43180543333335
16027,967e4dd248,2019-03-22T17:31:08+00:00,48070156dd,2019-03-22T20:45:13.908326Z,194.0984721
16028,09f86ef708,2019-03-22T18:02:39+00:00,48070156dd,2019-03-22T20:45:13.908326Z,162.58180543333336
16029,d62bee5a53,2019-03-22T17:56:56+00:00,48070156dd,2019-03-22T20:45:13.908326Z,168.2984721
16030,48070156dd,2019-03-22T19:27:44+00:00,48070156dd,2019-03-22T20:45:13.908326Z,77.4984721
16031,764f45c8a8,2019-04-04T15:27:38+00:00,764f45c8a8,2019-04-04T16:41:30.460315Z,73.87433858333334
16033,ea7981d4c3,2019-03-25T20:00:38+00:00,8e207ff305,2019-03-26T01:56:22.237906Z,355.7372984333333
16034,4464a966f7,2019-03-25T11:06:58+00:00,4464a966f7,2019-03-25T12:19:36.166444Z,72.6361074
16036,22be9a9763,2019-03-26T12:09:08+00:00,22be9a9763,2019-03-26T13:20:27.34899Z,71.32248316666667
16037,122a4672fa,2019-03-23T18:39:23+00:00,122a4672fa,2019-03-23T19:53:35.816822Z,74.2136137
16038,0e97d09a90,2019-03-23T18:02:56+00:00,0e97d09a90,2019-03-23T19:24:20.141254Z,81.40235423333334
16039,65f12c6cb3,2019-03-26T20:46:31+00:00,fbd91b73ea,2019-03-26T23:41:26.907978Z,174.93179963333333
16040,23a37baf56,2019-03-25T14:22:08+00:00,23a37baf56,2019-03-25T15:41:08.847073Z,79.01411788333333
16042,3b0abc897b,2019-03-24T12:39:05+00:00,3b0abc897b,2019-03-24T13:52:10.081863Z,73.08469771666667
16046,c92ac65812,2019-03-26T13:47:25+00:00,c92ac65812,2019-03-26T15:03:21.074382Z,75.93457303333334
16047,95dc0badd6,2019-03-25T02:54:30+00:00,95dc0badd6,2019-03-25T04:08:29.057339Z,73.98428898333333
16048,cc01187733,2019-03-25T14:39:47+00:00,cc01187733,2019-03-25T15:55:38.037713Z,75.85062855
16049,ad60e49e1f,2019-03-25T09:45:54+00:00,ad60e49e1f,2019-03-25T11:12:00.09277Z,86.10154616666667
16050,be1faa0a6f,2019-03-25T10:36:46+00:00,be1faa0a6f,2019-03-25T11:52:22.852114Z,75.6142019
16051,b3689e4125,2019-03-26T15:07:11+00:00,b3689e4125,2019-03-26T16:22:58.472533Z,75.79120888333334
16053,198031e754,2019-03-25T12:27:20+00:00,198031e754,2019-03-25T13:41:07.873263Z,73.79788771666668
16058,0b2be811fa,2019-03-25T15:09:34+00:00,0b2be811fa,2019-03-25T16:26:50.151975Z,77.26919958333333
16059,5225e2c276,2019-03-26T10:28:35+00:00,5225e2c276,2019-03-26T11:49:47.976382Z,81.21627303333334
16060,11d0520935,2019-03-29T03:37:57+00:00,11d0520935,2019-03-29T04:55:02.238913Z,77.08731521666667
16061,69e5802277,2019-03-25T17:06:52+00:00,69e5802277,2019-03-25T18:27:43.500341Z,80.85833901666666
16062,b1a2ae26aa,2019-03-26T10:07:21+00:00,b1a2ae26aa,2019-03-26T11:22:09.637059Z,74.81061765
16065,8e207ff305,2019-03-26T00:40:01+00:00,8e207ff305,2019-03-26T01:56:22.237906Z,76.35396510000001
16066,856a95f08c,2019-03-26T18:00:09+00:00,fbd91b73ea,2019-03-26T23:41:26.907978Z,341.2984663
16069,ee4b086658,2019-03-26T05:54:52+00:00,ee4b086658,2019-03-26T07:13:14.791164Z,78.37985273333334
16070,d123bd3e26,2019-03-26T03:41:26+00:00,d123bd3e26,2019-03-26T04:55:17.626853Z,73.86044754999999
16071,72e71b28b6,2019-04-08T23:20:15+00:00,72e71b28b6,2019-04-09T00:39:38.812426Z,79.39687376666667
16072,bb28be227b,2019-04-12T14:33:48+00:00,bb28be227b,2019-04-12T15:51:18.974078Z,77.51623463333334
16073,1c7590ebf0,2019-03-27T09:37:18+00:00,1c7590ebf0,2019-03-27T11:01:48.035812Z,84.50059686666667
16074,c09a72017f,2019-03-27T09:37:46+00:00,c09a72017f,2019-03-27T11:10:27.015433Z,92.68359054999999
16075,e5cb5a68d2,2019-03-26T09:45:55+00:00,e5cb5a68d2,2019-03-26T11:02:35.835197Z,76.68058661666667
16076,a960bbaf56,2019-03-26T11:49:50+00:00,a960bbaf56,2019-03-26T13:03:04.971051Z,73.24951751666667
16077,540b98c1d0,2019-03-26T11:20:36+00:00,540b98c1d0,2019-03-26T12:38:11.290038Z,77.5881673
16078,080f374c76,2019-03-26T10:47:49+00:00,080f374c76,2019-03-26T12:10:50.902685Z,83.03171141666667
16079,c3be5b4096,2019-03-26T15:01:36+00:00,c3be5b4096,2019-03-26T16:17:22.671902Z,75.77786503333333
16080,04a3cab1b3,2019-04-03T11:15:38+00:00,04a3cab1b3,2019-04-03T12:37:05.270066Z,81.4545011
16083,d5921ca119,2019-03-26T15:14:07+00:00,d5921ca119,2019-03-26T16:33:51.695008Z,79.7449168
16084,c3f8e5c0bb,2019-03-27T22:47:41+00:00,c3f8e5c0bb,2019-03-28T00:10:27.465796Z,82.77442993333334
16085,f3933c6eab,2019-03-26T14:20:49+00:00,f3933c6eab,2019-03-26T15:37:30.149922Z,76.68583203333333
16086,87f87e1276,2019-03-26T14:25:30+00:00,87f87e1276,2019-03-26T15:46:48.804691Z,81.31341151666668
16087,37db772678,2019-03-27T12:00:17+00:00,37db772678,2019-03-27T13:21:11.920507Z,80.91534178333333
16088,1a2fbba323,2019-04-03T10:36:44+00:00,1a2fbba323,2019-04-03T11:55:14.244649Z,78.50407748333333
16090,65cfcd3c4f,2019-03-27T16:04:41+00:00,65cfcd3c4f,2019-03-27T17:23:12.982577Z,78.53304295
16092,c2bd80a32f,2019-03-27T17:52:24+00:00,c2bd80a32f,2019-03-27T19:03:33.092457Z,71.15154095
16093,e7786f78c4,2019-04-28T19:48:27+00:00,e7786f78c4,2019-04-28T21:04:09.170709Z,75.70284515
16095,280f21e0a6,2019-04-28T20:12:46+00:00,280f21e0a6,2019-04-28T21:31:46.131229Z,79.00218715
16096,67d81726f2,2019-04-28T20:18:32+00:00,67d81726f2,2019-04-28T21:35:28.790813Z,76.94651354999999
16097,2808e3adc6,2019-03-27T19:23:27+00:00,2808e3adc6,2019-03-27T20:39:06.709518Z,75.66182529999999
16098,ea8b7ff29a,2019-03-27T23:49:28+00:00,ea8b7ff29a,2019-03-28T01:09:29.200305Z,80.02000508333334
16099,8f8cbc5ce2,2019-03-27T21:06:29+00:00,8f8cbc5ce2,2019-03-27T22:25:12.565323Z,78.72608871666667
16100,43dda2a1b3,2019-03-27T16:55:23+00:00,43dda2a1b3,2019-03-27T18:09:48.421198Z,74.42368663333333
16101,fbd91b73ea,2019-03-26T22:25:27+00:00,fbd91b73ea,2019-03-26T23:41:26.907978Z,75.9984663
16102,a0e57a6548,2019-03-27T11:23:57+00:00,a0e57a6548,2019-03-27T12:44:39.055866Z,80.70093109999999
16103,cf4a8ec3d7,2019-03-28T12:34:23+00:00,cf4a8ec3d7,2019-03-28T13:46:48.880552Z,72.43134253333332
16104,cffb370530,2019-03-27T05:27:52+00:00,cffb370530,2019-03-27T06:42:17.148569Z,74.41914281666666
16106,bfb65bffe7,2019-03-27T09:38:12+00:00,bfb65bffe7,2019-03-27T11:19:32.26654Z,101.33777566666666
16107,b53840ae8e,2019-03-27T11:45:53+00:00,b53840ae8e,2019-03-27T12:58:43.555793Z,72.84259655000001
16108,146c736817,2019-03-27T21:14:20+00:00,146c736817,2019-03-27T22:30:43.407901Z,76.39013168333332
16110,e5044ace1a,2019-03-27T13:12:51+00:00,e5044ace1a,2019-03-27T14:26:03.306399Z,73.20510665
16112,1815dd1f3f,2019-03-27T17:10:42+00:00,1815dd1f3f,2019-03-27T18:31:29.087968Z,80.78479946666667
16113,f19a0c4003,2019-03-27T14:22:29+00:00,f19a0c4003,2019-03-27T15:39:57.338838Z,77.47231396666666
16114,ef78bcb387,2019-03-27T14:51:42+00:00,ef78bcb387,2019-03-27T16:05:15.707248Z,73.56178746666666
16115,1d5e060c91,2019-03-27T16:49:38+00:00,1d5e060c91,2019-03-27T18:06:19.439339Z,76.69065565
16116,8085afbf75,2019-04-01T09:12:42+00:00,8085afbf75,2019-04-01T10:34:56.289857Z,82.23816428333333
16117,2cfcea72fb,2019-03-27T16:52:42+00:00,43dda2a1b3,2019-03-27T18:09:48.421198Z,77.10701996666667
16120,4d956906ca,2019-03-28T16:29:47+00:00,4d956906ca,2019-03-28T17:49:43.534933Z,79.94224888333333
16124,add24188a1,2019-03-29T21:30:03+00:00,add24188a1,2019-03-29T22:46:21.785469Z,76.31309115
16127,835b267c69,2019-03-28T03:24:06+00:00,835b267c69,2019-03-28T04:36:05.548322Z,71.99247203333333
16128,5885678723,2019-03-28T20:15:12+00:00,5885678723,2019-03-28T21:32:09.529207Z,76.95882011666666
16130,8a82c036a8,2019-03-29T10:00:00+00:00,8a82c036a8,2019-03-29T11:18:02.363093Z,78.03938488333333
16131,542485703f,2019-03-29T08:56:31+00:00,542485703f,2019-03-29T10:13:41.671881Z,77.17786468333334
16133,da5c2f5c48,2019-03-28T15:12:22+00:00,da5c2f5c48,2019-03-28T16:26:49.42213Z,74.4570355
16135,ab9bf5190a,2019-04-01T10:35:31+00:00,ab9bf5190a,2019-04-01T12:03:34.298513Z,88.05497521666666
16136,1471c49acc,2019-04-12T15:13:23+00:00,1471c49acc,2019-04-12T16:29:58.092059Z,76.58486764999999
16137,3ad4a3b1df,2019-03-29T11:31:21+00:00,3ad4a3b1df,2019-03-29T12:48:22.058294Z,77.01763823333334
16138,3bbb55915a,2019-04-01T23:36:33+00:00,3bbb55915a,2019-04-02T00:50:11.547224Z,73.64245373333333
16139,8da1cdcae2,2019-05-01T16:23:50+00:00,8da1cdcae2,2019-05-01T17:41:37.432564Z,77.79054273333333
16141,c3e58eeeef,2019-03-29T10:36:42+00:00,c3e58eeeef,2019-03-29T11:54:00.770262Z,77.3128377
16142,3bfdeb8976,2019-03-28T23:16:38+00:00,3bfdeb8976,2019-03-29T00:32:31.608148Z,75.89346913333334
16143,2221fe343f,2019-04-07T19:29:54+00:00,2221fe343f,2019-04-07T20:43:44.687689Z,73.84479481666668
16144,cf8e881890,2019-04-01T18:42:46+00:00,cf8e881890,2019-04-01T20:02:08.870788Z,79.3811798
16145,3547167a52,2019-03-29T20:41:29+00:00,3547167a52,2019-03-29T22:04:50.883374Z,83.3647229
16146,ec5fd9733f,2019-03-29T10:47:27+00:00,ec5fd9733f,2019-03-29T12:06:07.887194Z,78.68145323333333
16148,b93752a06f,2019-03-30T08:35:41+00:00,b93752a06f,2019-03-30T09:52:32.878084Z,76.86463473333333
16149,11c856de93,2019-04-25T15:15:24+00:00,fd085a7133,2019-04-26T22:19:53.957314Z,1864.4992885666666
16150,b440056b54,2019-04-01T03:16:41+00:00,b440056b54,2019-04-01T04:32:28.617789Z,75.79362981666667
16151,2f2bf34086,2019-04-01T09:09:09+00:00,2f2bf34086,2019-04-01T10:22:45.879202Z,73.61465336666667
16152,941599c79b,2019-04-03T07:25:04+00:00,941599c79b,2019-04-03T08:46:32.173828Z,81.4695638
16155,d524f330e2,2019-04-08T20:55:58+00:00,d524f330e2,2019-04-08T22:11:25.124972Z,75.45208286666666
16156,f326d29cb1,2019-04-01T03:27:07+00:00,f326d29cb1,2019-04-01T04:44:26.938451Z,77.33230751666666
16157,4495595508,2019-04-01T10:45:25+00:00,4c49fb8ca6,2019-04-01T12:10:12.291175Z,84.78818625000001
16158,94cd32e64d,2019-03-30T05:03:10+00:00,94cd32e64d,2019-03-30T06:15:19.09632Z,72.15160533333332
16159,54ece6de4b,2019-04-01T09:53:19+00:00,54ece6de4b,2019-04-01T11:10:06.750424Z,76.7958404
16160,6e534d3715,2019-03-30T23:06:11+00:00,6e534d3715,2019-03-31T00:27:41.596146Z,81.50993576666666
16161,ecb5ceb84a,2019-03-30T10:14:13+00:00,ecb5ceb84a,2019-03-30T11:37:14.278498Z,83.0213083
16162,d4f8820261,2019-03-31T00:07:54+00:00,d4f8820261,2019-03-31T01:20:50.392129Z,72.93986881666666
16163,5421ce2b4d,2019-05-02T02:01:45+00:00,5421ce2b4d,2019-05-02T03:16:47.707769Z,75.04512948333333
16164,664265ae58,2019-04-03T16:34:55+00:00,664265ae58,2019-04-03T17:49:09.98139Z,74.24968983333333
16165,f35677cd78,2019-04-08T21:02:36+00:00,f35677cd78,2019-04-08T22:38:22.72775Z,95.77879583333333
16166,f24d88b7d2,2019-03-31T19:56:31+00:00,f24d88b7d2,2019-03-31T21:16:03.133558Z,79.5355593
16167,05e7031bec,2019-04-02T05:28:56+00:00,05e7031bec,2019-04-02T06:45:59.494678Z,77.05824463333333
16169,3419750ac8,2019-04-01T01:41:19+00:00,3419750ac8,2019-04-01T02:56:04.268737Z,74.75447895
16171,90cf9684e1,2019-04-01T09:41:47+00:00,90cf9684e1,2019-04-01T10:54:34.038433Z,72.78397388333333
16172,50dc1c1af0,2019-04-04T07:43:16+00:00,50dc1c1af0,2019-04-04T09:01:26.285223Z,78.17142038333333
16173,e7befa33a9,2019-04-02T11:32:34+00:00,e7befa33a9,2019-04-02T12:49:06.459956Z,76.54099926666666
16174,33ee873bd1,2019-04-01T13:56:37+00:00,33ee873bd1,2019-04-01T15:13:23.64506Z,76.77741766666666
16176,4c49fb8ca6,2019-04-01T10:46:34+00:00,4c49fb8ca6,2019-04-01T12:10:12.291175Z,83.63818625
16177,d11578defb,2019-04-11T13:17:13+00:00,d11578defb,2019-04-11T14:35:41.382892Z,78.4730482
16179,da590a9ed1,2019-04-01T12:49:08+00:00,da590a9ed1,2019-04-01T14:08:57.037918Z,79.81729863333334
16180,a8e6f75e3f,2019-04-01T16:19:19+00:00,a8e6f75e3f,2019-04-01T17:41:33.353606Z,82.23922676666666
16181,d42300412d,2019-04-02T14:26:06+00:00,24dd35d242,2019-04-02T18:19:41.329754Z,233.58882923333334
16183,cc5c060628,2019-04-02T08:25:08+00:00,cc5c060628,2019-04-02T09:38:34.08213Z,73.43470216666667
16185,b11124e19d,2019-04-02T14:27:52+00:00,24dd35d242,2019-04-02T18:19:41.329754Z,231.82216256666666
16189,691cf75b78,2019-04-01T19:22:49+00:00,691cf75b78,2019-04-01T20:37:18.274733Z,74.48791221666667
16190,3f4890ad3f,2019-04-12T15:06:56+00:00,3f4890ad3f,2019-04-12T16:24:18.887629Z,77.38146048333333
16191,15d2855d6d,2019-04-01T20:31:43+00:00,15d2855d6d,2019-04-01T21:51:44.243637Z,80.02072728333333
16193,e636026448,2019-04-01T23:07:02+00:00,e636026448,2019-04-02T00:23:55.65217Z,76.89420283333334
16194,61631aed3b,2019-04-18T23:44:43+00:00,61631aed3b,2019-04-19T01:05:20.994484Z,80.6332414
16195,bbf331a307,2019-04-01T22:47:30+00:00,bbf331a307,2019-04-02T00:07:10.511885Z,79.67519808333333
16196,24dd35d242,2019-04-02T16:58:25+00:00,24dd35d242,2019-04-02T18:19:41.329754Z,81.27216256666667
16197,d4f1120502,2019-04-08T20:49:58+00:00,d4f1120502,2019-04-08T22:10:06.86711Z,80.14778516666667
16198,77d9a6178a,2019-04-16T07:09:05+00:00,77d9a6178a,2019-04-16T08:31:23.541011Z,82.30901685
16201,61de09c76d,2019-04-02T10:02:35+00:00,61de09c76d,2019-04-02T11:27:38.616158Z,85.0602693
16202,3b92b9b595,2019-04-04T05:50:41+00:00,3b92b9b595,2019-04-04T07:07:17.854999Z,76.61424998333334
16203,d4e43ce528,2019-04-03T08:47:59+00:00,d4e43ce528,2019-04-03T10:05:05.817569Z,77.11362615
16204,c6e992e95f,2019-04-02T08:58:34+00:00,c6e992e95f,2019-04-02T10:15:50.593359Z,77.27655598333334
16205,543b86e424,2019-04-02T08:10:42+00:00,543b86e424,2019-04-02T09:27:35.989521Z,76.89982535
16208,1701ea616b,2019-04-02T08:43:54+00:00,1701ea616b,2019-04-02T10:02:18.462262Z,78.40770436666666
16209,8c8aa6ba01,2019-04-02T21:02:38+00:00,8c8aa6ba01,2019-04-02T22:18:42.679199Z,76.07798665
16210,267d5ddf02,2019-04-08T20:57:09+00:00,267d5ddf02,2019-04-08T22:18:08.634136Z,80.99390226666667
16211,ad8be3278b,2019-04-05T05:33:48+00:00,ad8be3278b,2019-04-05T06:54:36.283601Z,80.80472668333333
16212,1891bf0a50,2019-04-02T20:49:29+00:00,1891bf0a50,2019-04-02T22:08:15.375594Z,78.77292656666667
16213,6cdf2654f9,2019-04-03T20:38:04+00:00,6cdf2654f9,2019-04-03T21:53:10.405881Z,75.10676468333332
16215,e3cf128446,2019-04-19T00:25:07+00:00,e3cf128446,2019-04-19T01:43:16.799979Z,78.16333298333333
16216,f316d3119a,2019-04-29T13:49:05+00:00,f316d3119a,2019-04-29T15:05:45.868701Z,76.68114501666668
16217,81ae7085cc,2019-04-08T05:21:06+00:00,81ae7085cc,2019-04-08T06:40:31.555283Z,79.42592138333333
16218,4b7972b30a,2019-04-17T17:34:03+00:00,4b7972b30a,2019-04-17T18:52:57.584814Z,78.9097469
16219,b4c54a188d,2019-04-08T15:13:08+00:00,b4c54a188d,2019-04-08T16:27:06.040692Z,73.96734486666666
16220,d0804874b0,2019-04-11T15:10:23+00:00,d0804874b0,2019-04-11T16:29:28.081936Z,79.08469893333333
16221,adc473fd8f,2019-04-02T23:28:11+00:00,adc473fd8f,2019-04-03T00:43:27.57602Z,75.276267
16226,bb603cc844,2019-04-04T15:34:26+00:00,bb603cc844,2019-04-04T16:50:13.703952Z,75.79506586666666
16227,0cde5f6b37,2019-04-05T01:03:03+00:00,0cde5f6b37,2019-04-05T02:26:38.8874Z,83.59812333333333
16228,636761d004,2019-04-16T09:24:10+00:00,636761d004,2019-04-16T10:41:19.937576Z,77.16562626666668
16230,e4a98db0bb,2019-04-05T15:45:32+00:00,e4a98db0bb,2019-04-05T17:12:54.846749Z,87.38077915000001
16231,0a28ecf697,2019-04-03T01:38:08+00:00,0a28ecf697,2019-04-03T02:54:28.321097Z,76.33868495
16234,fe518d400f,2019-04-03T07:35:40+00:00,fe518d400f,2019-04-03T08:52:31.220649Z,76.85367748333333
16235,3c5b85a581,2019-04-03T01:24:25+00:00,3c5b85a581,2019-04-03T02:40:15.929701Z,75.84882835
16237,2ba0f1706c,2019-04-04T17:11:57+00:00,2ba0f1706c,2019-04-04T18:30:14.647899Z,78.29413165
16238,a0d5d1b5e7,2019-04-05T10:52:04+00:00,a0d5d1b5e7,2019-04-05T12:14:00.539641Z,81.94232735
16239,56a8b65c49,2019-04-03T11:33:15+00:00,56a8b65c49,2019-04-03T12:51:53.75748Z,78.64595800000001
16240,b8669365b8,2019-04-03T23:39:25+00:00,b8669365b8,2019-04-04T01:03:55.462367Z,84.50770611666667
16241,9cf57af90b,2019-04-03T20:39:28+00:00,9cf57af90b,2019-04-03T21:57:45.390862Z,78.28984770000001
16242,812950f6cd,2019-04-03T12:07:37+00:00,812950f6cd,2019-04-03T13:23:51.413324Z,76.24022206666668
16243,116ef5a1e9,2019-04-03T15:52:36+00:00,116ef5a1e9,2019-04-03T17:05:52.647406Z,73.27745676666667
16248,d310304b76,2019-04-03T19:25:53+00:00,d310304b76,2019-04-03T20:42:11.318085Z,76.30530141666667
16249,678ebb924d,2019-04-08T22:06:48+00:00,678ebb924d,2019-04-08T23:23:33.638834Z,76.76064723333334
16250,5f60901a00,2019-04-03T22:49:31+00:00,5f60901a00,2019-04-04T00:05:45.849538Z,76.2474923
16251,cc559bcb3a,2019-04-05T06:49:16+00:00,cc559bcb3a,2019-04-05T08:04:28.23188Z,75.20386466666668
16252,f6cf3bd6f9,2019-04-08T20:44:00+00:00,f6cf3bd6f9,2019-04-08T21:57:46.757158Z,73.77928596666668
16256,f4d628ce5d,2019-04-04T10:06:39+00:00,f4d628ce5d,2019-04-04T11:31:19.675455Z,84.67792424999999
16257,85719fe503,2019-04-04T08:34:48+00:00,85719fe503,2019-04-04T09:56:29.768723Z,81.69614538333333
16258,3c3f80f715,2019-04-04T17:08:00+00:00,3c3f80f715,2019-04-04T18:25:58.718467Z,77.97864111666667
16259,b624370228,2019-04-07T17:46:59+00:00,b624370228,2019-04-07T19:11:13.863424Z,84.24772373333333
16260,418dec1cb0,2019-04-05T11:22:47+00:00,418dec1cb0,2019-04-05T12:41:48.10057Z,79.01834283333332
16261,77525b8ae8,2019-04-05T11:36:19+00:00,77525b8ae8,2019-04-05T12:51:09.491073Z,74.84151788333334
16262,e5c1ea19c0,2019-04-15T09:53:47+00:00,e5c1ea19c0,2019-04-15T11:11:09.672866Z,77.3778811
16263,055bf24447,2019-04-04T20:26:59+00:00,055bf24447,2019-04-04T21:42:50.404912Z,75.85674853333333
16264,8553d30dd5,2019-04-05T13:51:34+00:00,8553d30dd5,2019-04-05T15:09:25.724842Z,77.86208069999999
16265,b8fc11e672,2019-04-15T15:15:42+00:00,b8fc11e672,2019-04-15T16:33:37.332803Z,77.92221338333334
16266,1a55612583,2019-04-15T15:46:29+00:00,1a55612583,2019-04-15T17:04:30.151275Z,78.01918791666667
16268,4657e10253,2019-04-19T15:40:55+00:00,4657e10253,2019-04-20T13:05:18.269733Z,1284.3878288833332
16269,687b6cba33,2019-04-09T00:24:11+00:00,687b6cba33,2019-04-09T01:41:25.969832Z,77.2494972
16270,6f655784b9,2019-04-05T15:01:32+00:00,6f655784b9,2019-04-05T16:22:01.808848Z,80.49681413333333
16271,6c035f387a,2019-04-05T09:30:46+00:00,3315f6a940,2019-04-05T10:47:51.03104Z,77.08385066666666
16272,3315f6a940,2019-04-05T09:31:26+00:00,3315f6a940,2019-04-05T10:47:51.03104Z,76.41718399999999
16273,5354663a77,2019-04-05T09:44:12+00:00,5354663a77,2019-04-05T11:00:27.193341Z,76.25322235
16274,923923a01f,2019-04-06T08:49:21+00:00,923923a01f,2019-04-06T10:03:31.841743Z,74.18069571666666
16277,c3c423be44,2019-04-05T17:10:48+00:00,c3c423be44,2019-04-05T18:25:30.492184Z,74.70820306666666
16278,78193fbe36,2019-04-15T09:45:16+00:00,78193fbe36,2019-04-15T11:02:32.280284Z,77.27133806666667
16279,3efff9b2d6,2019-04-13T00:44:14+00:00,3efff9b2d6,2019-04-13T02:05:56.951474Z,81.7158579
16280,90314df616,2019-04-18T08:58:35+00:00,90314df616,2019-04-18T10:20:55.765977Z,82.34609961666666
16281,2d1cea9fdf,2019-04-10T16:19:22+00:00,2d1cea9fdf,2019-04-10T17:34:39.156131Z,75.28593551666667
16283,20424e735a,2019-04-17T23:13:25+00:00,20424e735a,2019-04-18T00:31:16.668409Z,77.86114015
16286,3a4ed45517,2019-04-08T06:21:07+00:00,3a4ed45517,2019-04-08T07:36:35.046831Z,75.46744718333333
16289,c71331e4b2,2019-04-09T08:39:48+00:00,c71331e4b2,2019-04-09T09:57:24.102761Z,77.60171268333333
16290,b2d2bc7e07,2019-04-15T06:58:05+00:00,b2d2bc7e07,2019-04-15T08:16:14.598768Z,78.15997946666667
16291,39e82039d4,2019-04-26T21:46:57+00:00,39e82039d4,2019-04-26T23:34:34.520394Z,107.6253399
16292,186fc7cbb5,2019-04-30T09:24:42+00:00,186fc7cbb5,2019-04-30T10:41:27.826424Z,76.76377373333334
16293,a7f07f6de4,2019-04-08T20:57:20+00:00,a7f07f6de4,2019-04-08T22:27:19.347079Z,89.98911798333333
16296,642e0e8c3d,2019-04-10T12:50:57+00:00,642e0e8c3d,2019-04-10T14:05:09.445219Z,74.20742031666667
16297,ce91afa9fa,2019-04-10T12:26:23+00:00,ce91afa9fa,2019-04-10T13:45:19.393209Z,78.93988681666666
16298,0524bbe105,2019-04-10T01:58:43+00:00,0524bbe105,2019-04-10T03:15:46.58841Z,77.05980683333334
16299,38f02ed8bb,2019-04-09T10:59:39+00:00,38f02ed8bb,2019-04-09T12:19:48.053667Z,80.15089445
16300,4145651d4d,2019-04-10T13:24:30+00:00,4145651d4d,2019-04-10T14:43:45.173034Z,79.2528839
16301,e3d0146264,2019-04-11T01:17:10+00:00,e3d0146264,2019-04-11T02:37:33.526646Z,80.39211076666668
16302,54e83cba22,2019-04-10T08:31:09+00:00,54e83cba22,2019-04-10T09:53:53.940775Z,82.74901291666667
16303,81d09351b7,2019-04-15T18:07:19+00:00,81d09351b7,2019-04-15T19:25:05.070988Z,77.76784980000001
16305,27231aa79f,2019-04-12T16:28:07+00:00,27231aa79f,2019-04-12T17:46:42.581201Z,78.59302001666667
16307,0fbaeb4dbb,2019-04-11T09:12:45+00:00,0fbaeb4dbb,2019-04-11T10:28:01.651459Z,75.27752431666666
16309,c30661ef8c,2019-04-11T03:31:17+00:00,c30661ef8c,2019-04-11T04:53:30.206958Z,82.22011596666667
16311,204c508cf5,2019-04-10T18:09:38+00:00,204c508cf5,2019-04-10T19:31:30.021916Z,81.86703193333332
16312,29b9adeb47,2019-04-16T20:21:43+00:00,29b9adeb47,2019-04-16T21:41:40.306603Z,79.95511005
16314,3a14b398dc,2019-04-11T15:26:03+00:00,3a14b398dc,2019-04-11T16:48:05.270732Z,82.03784553333334
16317,386d27678c,2019-04-11T23:59:56+00:00,386d27678c,2019-04-12T01:13:29.001176Z,73.5500196
16318,b321aa0a0b,2019-04-11T17:33:11+00:00,b321aa0a0b,2019-04-11T18:49:15.967362Z,76.08278936666667
16319,af59e19afd,2019-04-11T19:44:06+00:00,af59e19afd,2019-04-11T21:00:21.342444Z,76.25570739999999
16320,89c7877e00,2019-04-12T17:58:53+00:00,89c7877e00,2019-04-12T19:16:01.508658Z,77.14181096666667
16325,12df60a658,2019-04-12T20:15:18+00:00,12df60a658,2019-04-12T21:34:37.444425Z,79.32407375
16326,b0af23eb48,2019-04-12T13:57:13+00:00,b0af23eb48,2019-04-12T15:17:59.667616Z,80.7777936
16328,f2065644d8,2019-04-15T12:29:02+00:00,f2065644d8,2019-04-15T13:48:54.478272Z,79.87463786666667
16329,93f1b546ab,2019-04-12T14:43:29+00:00,93f1b546ab,2019-04-12T15:59:01.967362Z,75.54945603333334
16330,ce675f004d,2019-04-18T07:55:37+00:00,ce675f004d,2019-04-18T09:15:57.269554Z,80.33782590000001
16331,33385dab3a,2019-04-12T20:25:38+00:00,33385dab3a,2019-04-12T21:42:41.770324Z,77.06283873333334
16332,f17757efc9,2019-04-12T16:24:43+00:00,f17757efc9,2019-04-12T17:42:15.016902Z,77.53361503333333
16333,65bb76a4ba,2019-04-12T20:09:52+00:00,65bb76a4ba,2019-04-12T21:26:20.381728Z,76.47302880000001
16334,4d760ac2fa,2019-04-12T17:30:51+00:00,4d760ac2fa,2019-04-12T18:50:26.912806Z,79.59854676666667
16335,ef764e63e0,2019-04-15T14:38:38+00:00,ef764e63e0,2019-04-15T15:55:16.697503Z,76.64495838333333
16338,fd0429f0b4,2019-04-15T23:04:11+00:00,fd0429f0b4,2019-04-16T00:31:31.9938Z,87.34989666666667
16340,3e47a3529d,2019-04-18T19:14:54+00:00,3e47a3529d,2019-04-18T20:32:53.066324Z,77.98443873333333
16341,ba36b730b2,2019-04-17T19:25:17+00:00,ba36b730b2,2019-04-17T20:45:11.370443Z,79.90617404999999
16342,065779d296,2019-04-15T05:50:01+00:00,065779d296,2019-04-15T07:04:08.165733Z,74.11942888333333
16343,d4e101b70e,2019-04-15T10:11:43+00:00,d4e101b70e,2019-04-15T11:32:03.315987Z,80.33859978333334
16345,792ce3fae9,2019-04-24T22:27:53+00:00,792ce3fae9,2019-04-24T23:47:37.474418Z,79.7412403
16346,87f25e32dd,2019-04-24T14:13:36+00:00,87f25e32dd,2019-04-24T15:35:02.085794Z,81.43476323333333
16347,8b6ea4bf3b,2019-04-15T15:54:13+00:00,8b6ea4bf3b,2019-04-15T17:14:50.988787Z,80.63314645
16349,536f776d36,2019-04-16T14:14:36+00:00,536f776d36,2019-04-16T15:36:56.021258Z,82.33368763333333
16350,0f77903212,2019-04-16T12:49:24+00:00,0f77903212,2019-04-16T14:03:41.956896Z,74.2992816
16351,eda161aa4b,2019-05-02T12:03:42+00:00,eda161aa4b,2019-05-02T13:23:09.782364Z,79.4630394
16353,1a9adfc150,2019-04-15T17:08:48+00:00,1a9adfc150,2019-04-15T18:28:20.106168Z,79.5351028
16356,c83aff46fb,2019-04-15T22:18:25+00:00,c83aff46fb,2019-04-15T23:41:00.211568Z,82.58685946666667
16357,efdf64c45d,2019-04-18T09:39:20+00:00,efdf64c45d,2019-04-18T10:54:58.761926Z,75.6460321
16358,151e1e4165,2019-04-16T08:22:47+00:00,151e1e4165,2019-04-16T09:40:17.378915Z,77.50631525
16360,77076ee987,2019-04-30T12:44:29+00:00,77076ee987,2019-04-30T14:17:15.716744Z,92.7786124
16361,c12fafdae6,2019-04-16T14:46:13+00:00,c12fafdae6,2019-04-16T16:11:29.092756Z,85.2682126
16362,1d1ddecdff,2019-04-16T08:27:04+00:00,1d1ddecdff,2019-04-16T09:46:28.405383Z,79.40675638333333
16363,0d32c192cb,2019-04-16T15:45:21+00:00,0d32c192cb,2019-04-16T17:03:08.342687Z,77.78904478333334
16364,7e98f7c695,2019-04-16T18:20:13+00:00,7e98f7c695,2019-04-16T19:34:37.32602Z,74.40543366666667
16365,dae11b6183,2019-04-18T09:16:07+00:00,dae11b6183,2019-04-18T10:35:40.3716Z,79.55619333333334
16366,1a6b90531a,2019-04-26T21:54:31+00:00,1a6b90531a,2019-04-26T23:46:26.136596Z,111.91894326666667
16367,90b70a90f3,2019-04-16T19:49:15+00:00,90b70a90f3,2019-04-16T21:09:14.072203Z,79.98453671666667
16368,3f690a2443,2019-04-16T21:15:45+00:00,3f690a2443,2019-04-16T22:32:30.588254Z,76.75980423333334
16369,0b9bdba212,2019-04-17T10:10:44+00:00,0b9bdba212,2019-04-17T11:36:08.491575Z,85.40819291666666
16370,dc199888f4,2019-04-16T23:00:24+00:00,dc199888f4,2019-04-17T00:19:55.998437Z,79.53330728333334
16371,c874e70e5a,2019-04-23T17:43:43+00:00,7a7e16ad8d,2019-04-23T22:11:37.676684Z,267.9112780666667
16372,d6d9eb864c,2019-04-18T11:52:06+00:00,d6d9eb864c,2019-04-18T13:17:40.774792Z,85.57957986666666
16373,83d93704f0,2019-04-22T21:53:24+00:00,7a7e16ad8d,2019-04-23T22:11:37.676684Z,1458.2279447333335
16374,c820d55805,2019-04-17T23:07:47+00:00,20424e735a,2019-04-18T00:31:16.668409Z,83.49447348333334
16375,85e8612e81,2019-04-16T23:38:34+00:00,85e8612e81,2019-04-17T01:01:04.349542Z,82.5058257
16377,b5f624784f,2019-04-22T08:51:49+00:00,7a7e16ad8d,2019-04-23T22:11:37.676684Z,2239.8112780666665
16378,2199bb81e0,2019-04-25T06:02:26+00:00,e39ef7bb5f,2019-04-25T11:23:21.267384Z,320.92112306666667
16379,893551e059,2019-04-22T08:50:56+00:00,7a7e16ad8d,2019-04-23T22:11:37.676684Z,2240.6946114
16380,a1694d857e,2019-04-17T06:22:12+00:00,a1694d857e,2019-04-17T07:41:54.714954Z,79.7119159
16382,e04e2db140,2019-04-17T13:57:17+00:00,e04e2db140,2019-04-17T15:18:47.274752Z,81.50457920000001
16383,5a6fad3aa5,2019-04-17T13:56:28+00:00,5a6fad3aa5,2019-04-17T15:17:45.491321Z,81.29152201666668
16384,b950323536,2019-04-17T14:03:15+00:00,b950323536,2019-04-17T15:23:53.275361Z,80.63792268333333
16385,4b753c19e9,2019-04-23T12:39:05+00:00,7a7e16ad8d,2019-04-23T22:11:37.676684Z,572.5446114
16386,7de11829b6,2019-04-26T21:54:41+00:00,7de11829b6,2019-04-26T23:58:45.278216Z,124.0713036
16388,b46cd5fba9,2019-04-17T22:00:58+00:00,b46cd5fba9,2019-04-17T23:26:20.362593Z,85.37270988333333
16389,8139082c0d,2019-04-18T23:07:43+00:00,8139082c0d,2019-04-19T00:31:58.668736Z,84.26114559999999
16390,ebf30da797,2019-04-18T16:50:59+00:00,ebf30da797,2019-04-18T18:09:28.649161Z,78.49415268333334
16391,9e9aa0453b,2019-04-17T19:43:17+00:00,9e9aa0453b,2019-04-17T21:02:25.237578Z,79.13729296666666
16392,09f6a85b2a,2019-04-18T02:30:01+00:00,09f6a85b2a,2019-04-18T03:57:33.568471Z,87.54280784999999
16393,d1a923e594,2019-04-22T09:04:42+00:00,7a7e16ad8d,2019-04-23T22:11:37.676684Z,2226.9279447333333
16394,5e5dec988b,2019-04-17T22:56:17+00:00,5e5dec988b,2019-04-18T00:13:08.225354Z,76.8537559
16395,0a4f439934,2019-04-18T16:56:59+00:00,0a4f439934,2019-04-18T18:20:26.013883Z,83.45023138333333
16397,7bb3dfe1b2,2019-04-17T20:46:45+00:00,7bb3dfe1b2,2019-04-17T22:04:20.970736Z,77.59951226666666
16398,efc641c28b,2019-04-17T22:44:36+00:00,efc641c28b,2019-04-18T00:00:50.839319Z,76.24732198333332
16399,19cc036c8a,2019-04-29T20:10:38+00:00,e3c6b80258,2019-04-29T21:26:33.560941Z,75.92601568333333
16405,604d57f8e2,2019-04-18T14:28:22+00:00,604d57f8e2,2019-04-18T15:50:05.409582Z,81.72349303333334
16408,5fbf8edf24,2019-04-24T23:18:54+00:00,5fbf8edf24,2019-04-25T00:38:22.579162Z,79.47631936666667
16410,80d0b366fe,2019-04-23T17:02:23+00:00,7a7e16ad8d,2019-04-23T22:11:37.676684Z,309.2446114
16413,0df6ae939b,2019-04-23T20:44:44+00:00,7a7e16ad8d,2019-04-23T22:11:37.676684Z,86.8946114
16414,4131304c0d,2019-04-19T02:40:48+00:00,4131304c0d,2019-04-19T04:03:10.696344Z,82.3782724
16416,652109f0cb,2019-04-19T06:28:47+00:00,4657e10253,2019-04-20T13:05:18.269733Z,1836.5211622166667
16417,d1e0662220,2019-04-19T06:37:21+00:00,4657e10253,2019-04-20T13:05:18.269733Z,1827.9544955499998
16419,bb1bc1e8d4,2019-04-30T07:07:17+00:00,bb1bc1e8d4,2019-04-30T08:31:01.346269Z,83.73910448333332
16422,9888a1e16d,2019-04-20T13:18:04+00:00,7a7e16ad8d,2019-04-23T22:11:37.676684Z,4853.561278066667
16423,1e92c65f6c,2019-04-20T13:18:35+00:00,7a7e16ad8d,2019-04-23T22:11:37.676684Z,4853.0446114
16424,8f35eec39a,2019-04-21T15:28:19+00:00,7a7e16ad8d,2019-04-23T22:11:37.676684Z,3283.3112780666665
16426,292d532505,2019-04-22T09:40:30+00:00,7a7e16ad8d,2019-04-23T22:11:37.676684Z,2191.1279447333336
16428,b2894dd5e9,2019-05-02T00:39:14+00:00,b2894dd5e9,2019-05-02T01:53:48.773319Z,74.57955531666667
16430,954ceb39d4,2019-04-22T11:48:43+00:00,7a7e16ad8d,2019-04-23T22:11:37.676684Z,2062.911278066667
16432,9612df0a35,2019-04-26T21:32:57+00:00,9612df0a35,2019-04-26T23:14:13.283683Z,101.27139471666666
16434,1bc463c521,2019-04-24T22:50:49+00:00,1bc463c521,2019-04-25T00:08:41.576814Z,77.87628023333333
16438,76ecd01eb3,2019-04-23T20:05:53+00:00,7a7e16ad8d,2019-04-23T22:11:37.676684Z,125.7446114
16439,198d075203,2019-04-23T15:09:12+00:00,7a7e16ad8d,2019-04-23T22:11:37.676684Z,422.4279447333333
16440,9e1c19d759,2019-04-23T02:24:08+00:00,7a7e16ad8d,2019-04-23T22:11:37.676684Z,1187.4946114000002
16441,ea67bc963b,2019-04-23T04:01:32+00:00,7a7e16ad8d,2019-04-23T22:11:37.676684Z,1090.0946114
16442,1333b3faf1,2019-04-23T04:08:11+00:00,7a7e16ad8d,2019-04-23T22:11:37.676684Z,1083.4446114
16443,eea2d659e4,2019-04-23T04:38:59+00:00,7a7e16ad8d,2019-04-23T22:11:37.676684Z,1052.6446114
16444,daac93ce1a,2019-04-23T04:44:52+00:00,7a7e16ad8d,2019-04-23T22:11:37.676684Z,1046.7612780666666
16446,f2282e8294,2019-05-02T02:10:48+00:00,f2282e8294,2019-05-02T03:27:42.656799Z,76.91094665
16447,6f84a2ac2a,2019-04-25T15:21:14+00:00,fd085a7133,2019-04-26T22:19:53.957314Z,1858.6659552333333
16449,7219fcad39,2019-04-23T20:22:28+00:00,7a7e16ad8d,2019-04-23T22:11:37.676684Z,109.16127806666667
16453,30af25af15,2019-04-30T09:14:23+00:00,30af25af15,2019-04-30T10:32:54.934732Z,78.53224553333332
16454,7a7e16ad8d,2019-04-23T20:55:07+00:00,7a7e16ad8d,2019-04-23T22:11:37.676684Z,76.51127806666666
16456,a81e0ccf8f,2019-04-24T22:11:13+00:00,a81e0ccf8f,2019-04-24T23:26:12.629761Z,74.99382935
16457,ec5fd2b738,2019-04-24T21:03:33+00:00,ec5fd2b738,2019-04-24T22:20:18.007034Z,76.75011723333334
16459,7c61b973ae,2019-04-26T09:35:44+00:00,fd085a7133,2019-04-26T22:19:53.957314Z,764.1659552333333
16460,48429f95b9,2019-04-26T21:21:47+00:00,48429f95b9,2019-04-26T22:45:14.695437Z,83.46159061666667
16461,54086c0655,2019-04-24T04:32:13+00:00,54086c0655,2019-04-24T05:50:32.564898Z,78.32608163333333
16462,42e8d3c188,2019-04-25T02:01:57+00:00,42e8d3c188,2019-04-25T03:18:40.55918Z,76.72598633333334
16466,bf294f60c0,2019-04-26T21:54:25+00:00,1a6b90531a,2019-04-26T23:46:26.136596Z,112.01894326666667
16467,a7ca70d95f,2019-04-25T10:11:06+00:00,a7ca70d95f,2019-04-25T11:28:58.989458Z,77.88315763333334
16469,69abcbd869,2019-04-24T14:30:17+00:00,69abcbd869,2019-04-24T15:45:11.235939Z,74.90393231666667
16470,7eac3be940,2019-04-24T14:30:37+00:00,7eac3be940,2019-04-24T15:48:55.906355Z,78.31510591666667
16472,3625714dda,2019-04-24T16:23:41+00:00,3625714dda,2019-04-24T17:48:58.424019Z,85.29040031666666
16476,75d4c4020f,2019-04-25T00:15:25+00:00,75d4c4020f,2019-04-25T01:35:49.507732Z,80.4084622
16477,91316517e0,2019-04-25T16:40:04+00:00,fd085a7133,2019-04-26T22:19:53.957314Z,1779.8326219
16479,fc1d8d2804,2019-04-25T00:09:35+00:00,75d4c4020f,2019-04-25T01:35:49.507732Z,86.24179553333333
16480,3846508e4e,2019-04-29T14:29:12+00:00,3846508e4e,2019-04-29T15:50:49.313175Z,81.62188625
16481,8ada089082,2019-04-25T14:44:35+00:00,f75d6f703d,2019-04-25T16:04:16.280953Z,79.68801588333334
16483,0c7e874260,2019-04-25T15:27:33+00:00,fd085a7133,2019-04-26T22:19:53.957314Z,1852.3492885666667
16484,d524936850,2019-04-25T15:23:03+00:00,fd085a7133,2019-04-26T22:19:53.957314Z,1856.8492885666667
16485,11f61ad4fb,2019-04-25T14:55:15+00:00,11f61ad4fb,2019-04-25T20:06:33.481511Z,311.30802518333337
16486,f75d6f703d,2019-04-25T14:45:06+00:00,f75d6f703d,2019-04-25T16:04:16.280953Z,79.17134921666667
16487,5b40f88b7a,2019-04-25T17:22:26+00:00,fd085a7133,2019-04-26T22:19:53.957314Z,1737.4659552333333
16488,66eece9db9,2019-04-25T14:45:54+00:00,66eece9db9,2019-04-25T16:20:53.74589Z,94.99576483333334
16489,c2947e6601,2019-04-25T14:45:25+00:00,c2947e6601,2019-04-25T16:13:35.038643Z,88.16731071666666
16490,859676df58,2019-04-25T01:00:51+00:00,859676df58,2019-04-25T02:22:30.949768Z,81.66582946666668
16492,563075ddba,2019-04-25T14:46:11+00:00,563075ddba,2019-04-25T16:31:14.596477Z,105.05994128333333
16493,d20268de6d,2019-04-25T14:46:22+00:00,d20268de6d,2019-04-25T16:37:58.106458Z,111.6017743
16494,0afcb65efe,2019-04-25T14:46:38+00:00,0afcb65efe,2019-04-25T16:38:36.333232Z,111.97222053333333
16495,1d06a3f455,2019-04-25T14:46:52+00:00,1d06a3f455,2019-04-25T16:55:23.251126Z,128.5208521
16496,23c010fd15,2019-04-25T15:24:18+00:00,fd085a7133,2019-04-26T22:19:53.957314Z,1855.5992885666667
16497,39724e8cd0,2019-04-25T14:47:04+00:00,39724e8cd0,2019-04-25T16:57:21.726461Z,130.29544101666667
16498,7db1488a55,2019-04-25T14:47:17+00:00,7db1488a55,2019-04-25T17:08:24.318085Z,141.12196808333334
16499,08dd9e330a,2019-04-25T14:47:30+00:00,08dd9e330a,2019-04-25T17:17:52.203266Z,150.37005443333334
16500,3576eaf70b,2019-04-29T07:42:40+00:00,3576eaf70b,2019-04-29T08:57:17.134643Z,74.61891071666668
16501,ad513bcacd,2019-04-25T14:47:46+00:00,ad513bcacd,2019-04-25T17:25:32.398783Z,157.77331305
16502,680484ac6f,2019-04-25T14:48:11+00:00,680484ac6f,2019-04-25T17:33:04.326415Z,164.88877358333332
16503,fb3136b418,2019-04-25T14:49:06+00:00,fb3136b418,2019-04-25T17:38:42.978545Z,169.61630908333333
16504,4fb4b26c25,2019-04-25T14:49:39+00:00,4fb4b26c25,2019-04-25T17:43:47.238823Z,174.13731371666665
16505,734e5aec78,2019-04-25T14:50:01+00:00,734e5aec78,2019-04-25T17:51:57.358185Z,181.93930308333333
16506,ba7e000ee8,2019-04-25T14:55:00+00:00,ba7e000ee8,2019-04-25T19:46:50.048426Z,291.83414043333335
16507,e34e28e808,2019-04-25T14:50:10+00:00,e34e28e808,2019-04-25T17:59:58.47425Z,189.80790416666665
16508,b0e1f557c0,2019-04-25T15:25:10+00:00,fd085a7133,2019-04-26T22:19:53.957314Z,1854.7326219
16509,8f4764dac7,2019-04-25T15:28:02+00:00,fd085a7133,2019-04-26T22:19:53.957314Z,1851.8659552333334
16510,32010aad06,2019-04-25T15:12:01+00:00,32010aad06,2019-04-25T20:09:19.579271Z,297.3096545166666
16511,f06975a4e5,2019-04-25T15:13:23+00:00,fd085a7133,2019-04-26T22:19:53.957314Z,1866.5159552333332
16512,b30c18599e,2019-04-25T14:50:26+00:00,b30c18599e,2019-04-25T18:02:49.62585Z,192.39376416666667
16513,e30c9d4bc8,2019-04-29T12:03:41+00:00,e30c9d4bc8,2019-04-29T13:26:36.670172Z,82.9278362
16514,a822fa3924,2019-04-25T14:50:42+00:00,a822fa3924,2019-04-25T18:10:44.49977Z,200.04166283333333
16515,b8885d20bd,2019-04-25T00:51:09+00:00,b8885d20bd,2019-04-25T02:08:59.395088Z,77.83991813333334
16516,69d646ba42,2019-04-25T14:50:56+00:00,69d646ba42,2019-04-25T18:23:08.130442Z,212.20217403333334
16518,e8c85012ac,2019-04-25T14:34:22+00:00,e8c85012ac,2019-04-25T15:57:19.615513Z,82.96025854999999
16519,33dd911e4d,2019-04-25T14:51:06+00:00,33dd911e4d,2019-04-25T18:29:55.928579Z,218.8321429833333
16520,b41767e780,2019-04-25T14:51:21+00:00,b41767e780,2019-04-25T18:39:07.958139Z,227.78263565
16521,fe5cba94be,2019-04-25T14:51:34+00:00,fe5cba94be,2019-04-25T18:44:19.559631Z,232.75932718333334
16522,825588958e,2019-04-25T14:51:43+00:00,825588958e,2019-04-25T18:53:26.640173Z,241.72733621666666
16523,03ace8b939,2019-04-25T14:54:42+00:00,03ace8b939,2019-04-25T19:34:21.395944Z,279.6565990666667
16524,a9d3d1d63e,2019-04-25T14:52:52+00:00,a9d3d1d63e,2019-04-25T19:05:39.903826Z,252.7983971
16525,2096fa2744,2019-04-25T14:53:11+00:00,83e9243179,2019-04-25T19:11:54.644093Z,258.72740155
16526,83e9243179,2019-04-25T14:53:24+00:00,83e9243179,2019-04-25T19:11:54.644093Z,258.5107348833333
16527,7012c4e383,2019-04-26T21:26:58+00:00,7012c4e383,2019-04-26T23:13:06.723433Z,106.14539055
16528,10479fa9dc,2019-04-25T14:53:37+00:00,10479fa9dc,2019-04-25T19:24:28.446532Z,270.8574422
16529,9d77d709d7,2019-04-25T14:53:51+00:00,9d77d709d7,2019-04-25T19:32:03.699774Z,278.2116629
16530,301ce26e6c,2019-04-27T05:32:04+00:00,301ce26e6c,2019-04-27T06:49:04.770982Z,77.0128497
16531,e39ef7bb5f,2019-04-25T10:05:03+00:00,e39ef7bb5f,2019-04-25T11:23:21.267384Z,78.30445639999999
16533,8228d24aff,2019-04-26T09:14:50+00:00,fd085a7133,2019-04-26T22:19:53.957314Z,785.0659552333333
16538,3b0853b41c,2019-04-28T22:38:49+00:00,3b0853b41c,2019-04-28T23:59:09.478893Z,80.34131488333334
16539,87e88df2e5,2019-04-26T21:26:39+00:00,87e88df2e5,2019-04-26T23:02:37.179695Z,95.96966158333333
16541,61561cd8d8,2019-04-26T23:11:23+00:00,61561cd8d8,2019-04-27T00:27:38.29943Z,76.2549905
16542,dfad25523d,2019-04-26T21:33:07+00:00,dfad25523d,2019-04-26T23:27:31.011581Z,114.40019301666666
16543,137236ccb7,2019-04-26T21:26:48+00:00,137236ccb7,2019-04-26T23:04:08.956631Z,97.34927718333333
16545,e9c531e24f,2019-04-29T20:34:20+00:00,e9c531e24f,2019-04-29T21:55:12.326742Z,80.87211236666667
16546,a092f6dd48,2019-04-29T19:28:16+00:00,a092f6dd48,2019-04-29T20:47:30.418846Z,79.24031409999999
16547,b4ff177f4a,2019-04-29T14:28:34+00:00,b4ff177f4a,2019-04-29T15:48:04.53724Z,79.50895399999999
16548,8d8fa4bab5,2019-04-26T23:05:31+00:00,8d8fa4bab5,2019-04-27T00:20:13.904969Z,74.71508281666667
16549,4accec3d14,2019-04-26T23:29:29+00:00,4accec3d14,2019-04-27T00:44:43.329509Z,75.23882515
16550,c74d09e4cb,2019-04-26T21:19:58+00:00,c74d09e4cb,2019-04-26T22:40:14.120173Z,80.26866955
16552,58582a9316,2019-04-28T20:39:38+00:00,58582a9316,2019-04-28T21:54:04.603586Z,74.44339310000001
16558,e8493c758c,2019-04-29T10:06:14+00:00,e8493c758c,2019-04-29T11:30:56.318147Z,84.70530245
16559,91f7965fe9,2019-04-26T21:13:35+00:00,91f7965fe9,2019-04-26T22:32:10.706094Z,78.59510156666667
16560,034c492168,2019-05-02T08:56:15+00:00,034c492168,2019-05-02T10:11:31.405722Z,75.27342870000001
16561,c7cda5fc8d,2019-04-29T14:54:07+00:00,c7cda5fc8d,2019-04-29T16:14:25.229075Z,80.30381791666667
16562,fd085a7133,2019-04-26T20:58:09+00:00,fd085a7133,2019-04-26T22:19:53.957314Z,81.74928856666666
16564,3058cf00ee,2019-04-26T22:59:33+00:00,3058cf00ee,2019-04-27T00:18:47.784532Z,79.24640886666666
16565,2fe0c9800f,2019-04-29T12:01:48+00:00,2fe0c9800f,2019-04-29T13:21:16.473992Z,79.47456653333333
16567,d73b07b850,2019-04-29T23:39:22+00:00,d73b07b850,2019-04-30T01:01:10.294256Z,81.80490426666667
16572,b7bf251983,2019-04-28T18:35:50+00:00,b7bf251983,2019-04-28T19:54:29.924991Z,78.66541651666667
16574,2c2734306a,2019-04-28T20:40:28+00:00,2c2734306a,2019-04-28T21:56:37.879503Z,76.16465838333333
16575,97a56dcde2,2019-04-30T13:48:22+00:00,97a56dcde2,2019-04-30T15:06:43.465818Z,78.35776363333333
16576,301babcfa7,2019-04-30T11:11:59+00:00,301babcfa7,2019-04-30T12:29:47.767125Z,77.81278541666667
16577,96927e01f8,2019-04-29T15:50:03+00:00,96927e01f8,2019-04-29T17:04:41.823675Z,74.64706125
16578,1eaebba39d,2019-04-29T12:02:44+00:00,1eaebba39d,2019-04-29T13:25:26.703042Z,82.71171736666666
16579,9f6b357f4c,2019-04-29T09:32:28+00:00,9f6b357f4c,2019-04-29T10:49:29.960911Z,77.03268185
16581,9e48234f5e,2019-04-29T12:04:24+00:00,9e48234f5e,2019-04-29T13:34:36.551796Z,90.2091966
16582,e71f917165,2019-04-29T11:12:44+00:00,e71f917165,2019-04-29T12:37:44.96811Z,85.01613516666666
16583,5c78103cc9,2019-04-29T12:04:46+00:00,5c78103cc9,2019-04-29T13:44:37.341846Z,99.85569743333333
16584,f51f21cf0a,2019-04-29T14:06:51+00:00,f51f21cf0a,2019-04-29T15:25:55.6688Z,79.07781333333334
16587,cf2a7b6e1e,2019-04-29T16:02:26+00:00,cf2a7b6e1e,2019-04-29T17:21:05.966481Z,78.66610801666667
16588,c0504c9f69,2019-04-29T16:16:36+00:00,c0504c9f69,2019-04-29T17:38:16.66152Z,81.677692
16589,973c346bac,2019-04-29T16:23:02+00:00,973c346bac,2019-04-29T17:39:40.074488Z,76.63457480000001
16590,c3e967c8c2,2019-04-30T22:34:29+00:00,c3e967c8c2,2019-04-30T23:48:11.434795Z,73.70724658333333
16591,266771d804,2019-04-30T12:30:31+00:00,12e9aebce1,2019-04-30T13:50:05.496197Z,79.57493661666668
16592,26c2cf8659,2019-04-29T19:17:50+00:00,26c2cf8659,2019-04-29T20:36:53.35271Z,79.0558785
16593,9243b385b8,2019-04-29T17:14:33+00:00,9243b385b8,2019-04-29T18:49:04.054904Z,94.51758173333333
16594,9fec2d5046,2019-04-29T19:38:56+00:00,9fec2d5046,2019-04-29T20:56:11.288654Z,77.2548109
16597,e3c6b80258,2019-04-29T20:11:58+00:00,e3c6b80258,2019-04-29T21:26:33.560941Z,74.59268234999999
16599,85350e2324,2019-04-29T21:41:18+00:00,85350e2324,2019-04-29T22:56:59.639745Z,75.69399575000001
16600,4f26f67a4e,2019-04-30T17:21:04+00:00,4f26f67a4e,2019-04-30T18:41:45.839098Z,80.6973183
16601,12e9aebce1,2019-04-30T12:33:27+00:00,12e9aebce1,2019-04-30T13:50:05.496197Z,76.64160328333334
16603,bab7e9a889,2019-05-02T13:26:17+00:00,bab7e9a889,2019-05-02T14:41:50.444293Z,75.55740488333332
16604,d9fdadac49,2019-04-30T18:25:34+00:00,d9fdadac49,2019-04-30T19:44:21.563382Z,78.79272303333333
16605,5be8c10ee5,2019-04-30T12:38:28+00:00,5be8c10ee5,2019-04-30T13:56:48.492636Z,78.34154393333333
16609,fd4d92ef50,2019-04-30T12:38:57+00:00,fd4d92ef50,2019-04-30T14:02:13.135146Z,83.26891909999999
16610,a6c609e346,2019-04-30T16:20:13+00:00,a6c609e346,2019-04-30T17:44:54.532115Z,84.69220191666666
16613,347371848c,2019-04-30T21:49:34+00:00,347371848c,2019-04-30T23:14:39.058112Z,85.08430186666666
16614,5fcd6ede58,2019-04-30T22:18:14+00:00,5fcd6ede58,2019-04-30T23:33:16.89468Z,75.04824466666668
16615,855f4545b0,2019-05-01T23:44:03+00:00,855f4545b0,2019-05-02T01:01:05.625661Z,77.04376101666666
16616,7f292de875,2019-05-01T01:42:15+00:00,7f292de875,2019-05-01T02:57:35.501724Z,75.34169539999999
16619,6b9fbc6b86,2019-05-01T06:46:11+00:00,6b9fbc6b86,2019-05-01T08:05:40.288948Z,79.48814913333334
16620,13a5d78c62,2019-05-01T14:13:40+00:00,13a5d78c62,2019-05-01T15:35:16.52848Z,81.608808
16621,6da1e11d0d,2019-05-01T14:13:16+00:00,13a5d78c62,2019-05-01T15:35:16.52848Z,82.008808
16634,d5279ff3aa,2019-05-02T02:11:55+00:00,d5279ff3aa,2019-05-02T03:34:01.895323Z,82.11492204999999
16635,e0acbb4424,2019-05-02T02:29:46+00:00,e0acbb4424,2019-05-02T03:42:51.43725Z,73.09062083333333
16636,a327f9285b,2019-05-02T04:35:49+00:00,a327f9285b,2019-05-02T05:51:42.886291Z,75.89810485
7494,c626cbbceb,2019-04-29T12:07:29+00:00,c626cbbceb,2019-04-29T13:51:38.7382Z,104.16230333333333
8575,ba85e613d8,2019-04-29T12:09:12+00:00,ba85e613d8,2019-04-29T13:59:52.156564Z,110.66927606666667
